Type,Trans Date,Post Date,Description,Amount,Kind
Sale,2016-12-31,2017-01-01,PAYPAL *DIGIZONE,-2.17,Goods
Sale,2016-12-31,2017-01-01,SQ *COOL TEA BAR  WAVERLY,-8.72,Foods
Sale,2016-12-30,2017-01-01,TARGET        00003202,-29.61,Goods
Sale,2016-12-30,2017-01-01,99 RANCH #1769,-47.59,Groceries
Sale,2016-12-30,2017-01-01,A&amp;A GAS,-23.62,Auto
Sale,2016-12-30,2017-01-01,TARGET        00003202,-2.45,Goods
Sale,2016-12-30,2017-01-01,99 RANCH #1769,-10.08,Groceries
Sale,2016-12-30,2017-01-01,99 RANCH #1769,-2.28,Groceries
Sale,2016-12-29,2017-01-01,DAISO BA07 JPN TOWN UBOC,-18.0,Goods
Sale,2016-12-29,2016-12-30,SQ *COOL TEA BAR  WAVERLY,-8.18,Foods
Sale,2016-12-29,2016-12-30,CCSF MTA IPS PRKNG METER,-7.75,Auto
Sale,2016-12-29,2016-12-30,NIJIYA MARKET #62,-8.57,Goods
Sale,2016-12-29,2016-12-30,PAYPAL *FINISH LINE,-106.17,Clothing
Sale,2016-12-28,2016-12-30,WALGREENS #6655,-3.75,Goods
Sale,2016-12-28,2016-12-30,COLUMBIA SPORTSWEAR 404,-53.14,Goods
Sale,2016-12-28,2016-12-30,TK NOODLE 7,-16.26,Foods
Return,2016-12-28,2016-12-29,MICROSOFT   *STORE,3.12,Goods
Sale,2016-12-27,2016-12-28,SABELLA  LA TORRE SEA,-30.45,Foods
Sale,2016-12-27,2016-12-28,NORDSTROM #0420,-97.67,Goods
Sale,2016-12-26,2016-12-27,A&amp;A GAS,-19.2,Auto
Sale,2016-12-26,2016-12-27,SQ *COOL TEA BAR  WAVERLY,-8.18,Foods
Sale,2016-12-26,2016-12-27,GEICO  *AUTO,-49.17,Auto
Sale,2016-12-26,2016-12-27,CCSF MTA IPS PRKNG METER,-3.0,Auto
Sale,2016-12-26,2016-12-27,AMAZON MKTPLACE PMTS,-39.98,Goods
Sale,2016-12-25,2016-12-27,WALGREENS #6655,-6.53,Goods
Sale,2016-12-24,2016-12-26,WASHINGTON CAFE INC,-63.51,Foods
Sale,2016-12-24,2016-12-25,CCSF MTA IPS PRKNG METER,-0.25,Auto
Sale,2016-12-24,2016-12-25,CITY OF BERKELEY- IPS,-4.0,Auto
Sale,2016-12-24,2016-12-25,CCSF MTA IPS PRKNG METER,-6.5,Auto
Sale,2016-12-23,2016-12-25,WWW.NEWEGG.COM,-7.53,Goods
Sale,2016-12-23,2016-12-26,KUKJE SUPER MARKET,-16.35,Groceries
Sale,2016-12-23,2016-12-25,TMOBILE*AUTO PAY,-74.67,Phone
Sale,2016-12-23,2016-12-25,MICROSOFT   *STORE,-3.47,Goods
Sale,2016-12-23,2016-12-25,H2O WIRELESS,-36.0,Phone
Return,2016-12-23,2016-12-25,SKR*AbeBooks.co 3TKZCQ,24.96,Study
Sale,2016-12-23,2016-12-25,MICROSOFT   *STORE,-3.12,Goods
Sale,2016-12-23,2016-12-25,85C BAKERY CAFE USA,-20.7,Foods
Sale,2016-12-23,2016-12-25,KIPLING ECOMMERCE,-32.69,Goods
Sale,2016-12-23,2016-12-25,99 RANCH #1769,-62.39,Groceries
Sale,2016-12-22,2016-12-25,STARBUCKS STORE 06677,-2.45,Coffee
Sale,2016-12-22,2016-12-23,60774 - SFO PARKING IT-A,-12.0,Auto
Sale,2016-12-22,2016-12-23,BEST BUY      00008730,-277.48,Goods
Sale,2016-12-21,2016-12-22,A&amp;A GAS,-23.95,Auto
Return,2016-12-21,2016-12-21,AMAZON MKTPLACE PMTS,15.12,Goods
Sale,2016-12-20,2016-12-20,APL* ITUNES.COM/BILL,-0.99,Phone
Sale,2016-12-20,2016-12-21,ADIDAS ONLINE STORE,-47.96,Goods
Sale,2016-12-19,2016-12-20,SQ *TEAVEN,-4.15,Foods
Sale,2016-12-19,2016-12-20,99 RANCH #1769,-62.56,Groceries
Sale,2016-12-19,2016-12-21,OFFICE DEPOT  1135,-49.04,Goods
Sale,2016-12-19,2016-12-20,99 RANCH #1769,-9.43,Groceries
Sale,2016-12-18,2016-12-19,TARGET        00010546,-32.99,Goods
Sale,2016-12-18,2016-12-20,85C BAKERY CAFE USA,-12.24,Foods
Sale,2016-12-18,2016-12-19,EKITCHENBUY INC,-84.99,Groceries
Sale,2016-12-18,2016-12-19,SKR*AbeBooks.co 3TKZCQ,-24.96,Study
Sale,2016-12-18,2016-12-20,85C BAKERY CAFE USA,-29.33,Foods
Sale,2016-12-17,2016-12-19,TOGOS BASKIN-ROBBINS PALO,-20.55,Foods
Return,2016-12-17,2016-12-19,IKEA EAST PALO ALTO,43.59,Furniture
Sale,2016-12-17,2016-12-19,IKEA EAST PALO ALTO,-130.77,Furniture
Sale,2016-12-16,2016-12-19,WASHINGTON CAFE INC,-36.0,Foods
Sale,2016-12-16,2016-12-18,SQ *COOL TEA BAR  WAVERLY,-4.91,Coffee
Sale,2016-12-16,2016-12-18,SQ *COOL TEA BAR  WAVERLY,-4.91,Coffee
Sale,2016-12-15,2016-12-18,KUKJE SUPER MARKET,-69.53,Groceries
Sale,2016-12-14,2016-12-15,Amazon Digital Svcs,-9.99,Goods
Sale,2016-12-14,2016-12-15,SKR*AbeBooks.co 3THH2E,-20.54,Study
Sale,2016-12-14,2016-12-15,UDACITY,-800.0,Study
Sale,2016-12-14,2016-12-16,SUBWAY        00301960,-5.71,Foods
Sale,2016-12-14,2016-12-15,AMAZON MKTPLACE PMTS,-15.12,Goods
Sale,2016-12-14,2016-12-15,COSTCO.COM  *ONLINE,-87.19,Groceries
Sale,2016-12-14,2016-12-15,KAISER PHARM 2941,-10.0,Medical
Sale,2016-12-14,2016-12-15,COSTCO.COM  *ONLINE,-118.79,Groceries
Sale,2016-12-11,2016-12-13,IKEA EAST PALO ALTO,-139.44,Furniture
Sale,2016-12-11,2016-12-11,AMAZON MKTPLACE PMTS,-12.58,Goods
Sale,2016-12-11,2016-12-11,Amazon.com,-16.33,Goods
Sale,2016-12-10,2016-12-11,A&amp;A GAS,-18.56,Auto
Sale,2016-12-10,2016-12-12,85C BAKERY CAFE USA,-19.05,Foods
Sale,2016-12-09,2016-12-12,KUKJE DELI &amp; SUSHI,-24.96,Groceries
Sale,2016-12-09,2016-12-12,KUKJE SUPER MARKET,-53.95,Groceries
Sale,2016-12-08,2016-12-08,Amazon.com,-6.16,Goods
Sale,2016-12-08,2016-12-08,PURITANS PRIDE,-26.34,Medical
Sale,2016-12-07,2016-12-08,STATE OF CALIF DMV INT SC,-105.0,Auto
Sale,2016-12-07,2016-12-09,WALGREENS #6655,-4.89,Groceries
Return,2016-12-06,2016-12-07,WWW.NEWEGG.COM,59.11,Goods
Payment,2016-12-06,2016-12-06,Payment Thank You - Web,362.82,Payment
Sale,2016-12-06,2016-12-07,PHO HUYNH HIEP 4,-20.26,Foods
Payment,2016-12-04,2016-12-04,Payment Thank You - Web,2325.46,Payment
Sale,2016-12-04,2016-12-05,SQ *TEAVEN,-4.55,Foods
Sale,2016-12-04,2016-12-07,KUKJE SUPER MARKET,-71.38,Groceries
Sale,2016-12-04,2016-12-05,99 RANCH #1769,-9.43,Groceries
Sale,2016-12-04,2016-12-05,99 RANCH #1769,-1.29,Groceries
Return,2016-12-04,2016-12-04,AmazonPrime Membership,11.98,Goods
Sale,2016-12-04,2016-12-04,AmazonPrime Membership,-11.98,Goods
Sale,2016-12-04,2016-12-05,PAYPAL *BESTBUY COM,-217.98,Goods
Sale,2016-12-04,2016-12-05,99 RANCH #1769,-36.56,Groceries
Sale,2016-12-03,2016-12-05,YUMMY SZECHUAN,-51.01,Foods
Sale,2016-12-02,2016-12-04,SFMTA ELLIS &amp; O'FARRELL,-6.0,Auto
Payment,2016-12-01,2016-12-01,Payment Thank You - Web,1000.0,Payment
Sale,2016-12-01,2016-12-02,WWW.NEWEGG.COM,-85.99,Goods
Sale,2016-11-30,2016-12-01,WWW.NEWEGG.COM,-59.11,Goods
Sale,2016-11-30,2016-12-01,KAISER 02090311,-10.0,Medical
Sale,2016-11-30,2016-12-02,WALGREENS #6655,-22.8,Groceries
Sale,2016-11-29,2016-12-01,STARBUCKS STORE 06677,-5.0,Coffee
Sale,2016-11-29,2016-11-30,PAYPAL *HARMANAUDIO,-21.6,Goods
Sale,2016-11-29,2016-12-01,STARBUCKS STORE 06677,-20.0,Coffee
Sale,2016-11-29,2016-11-30,ORDER.WISH.COM,-1.0,Goods
Sale,2016-11-28,2016-11-30,KUKJE SUPER MARKET,-34.2,Groceries
Sale,2016-11-28,2016-11-29,KAISER 02090311,-10.0,Medical
Sale,2016-11-28,2016-11-30,SAFEWAY STORE 00015479,-32.71,Groceries
Sale,2016-11-28,2016-11-30,SAFEWAY STORE 00015479,-4.89,Groceries
Sale,2016-11-28,2016-11-29,LIVING SPACES,-529.55,Furniture
Sale,2016-11-28,2016-11-30,YELPINC*EAT24 BONCHON,-34.91,Foods
Sale,2016-11-27,2016-11-28,AMAZON MKTPLACE PMTS,-83.39,Goods
Sale,2016-11-27,2016-11-28,Amazon.com,-86.11,Goods
Sale,2016-11-27,2016-11-27,AMAZON MKTPLACE PMTS,-32.69,Goods
Sale,2016-11-26,2016-11-27,AMAZON MKTPLACE PMTS,-21.37,Goods
Sale,2016-11-26,2016-11-27,AMAZON MKTPLACE PMTS,-34.95,Goods
Sale,2016-11-26,2016-11-27,GEICO  *AUTO,-49.17,Auto
Sale,2016-11-25,2016-11-27,A&amp;A GAS,-25.75,Auto
Sale,2016-11-25,2016-11-27,IKEA EAST PALO ALTO,-365.78,Furniture
Return,2016-11-25,2016-11-27,IKEA EAST PALO ALTO,14.88,Furniture
Sale,2016-11-25,2016-11-27,IKEA EAST PALO ALTO,-14.87,Furniture
Sale,2016-11-24,2016-11-27,KUKJE SUPER MARKET,-24.53,Groceries
Sale,2016-11-24,2016-11-27,STARBUCKS STORE 05934,-2.45,Coffee
Sale,2016-11-24,2016-11-25,99 RANCH #1782,-60.3,Groceries
Sale,2016-11-24,2016-11-27,TARGET        00003202,-75.06,Groceries
Sale,2016-11-23,2016-11-24,TMOBILE*AUTO PAY,-80.42,Phone
Sale,2016-11-23,2016-11-24,H2O WIRELESS,-36.0,Phone
Sale,2016-11-21,2016-11-22,REEBOK E-COMM,-27.96,Clothing
Sale,2016-11-20,2016-11-21,COSTCO.COM  *ONLINE,-55.0,Groceries
Sale,2016-11-20,2016-11-21,CALIFORNIA AUTO CENTER,-219.95,Auto
Return,2016-11-19,2016-11-20,APL* ITUNES.COM/BILL,2.99,Return
Sale,2016-11-19,2016-11-20,AMAZON MKTPLACE PMTS,-65.12,Goods
Sale,2016-11-19,2016-11-21,KUKJE SUPER MARKET,-100.08,Groceries
Sale,2016-11-19,2016-11-21,KUKJE SUPER MARKET,-29.43,Groceries
Sale,2016-11-19,2016-11-20,APL* ITUNES.COM/BILL,-0.99,Phone
Sale,2016-11-19,2016-11-21,KUKJE SUPER MARKET,-2.61,Groceries
Sale,2016-11-19,2016-11-20,Amazon.com,-7.51,Goods
Sale,2016-11-18,2016-11-20,NORDSTROM RACK #0474,-70.65,Clothing
Sale,2016-11-18,2016-11-20,CLUB MONACO CORP,-64.31,Clothing
Return,2016-11-18,2016-11-20,NORDSTROM #0427,162.19,Return
Sale,2016-11-18,2016-11-18,AMAZON MKTPLACE PMTS,-12.95,Goods
Sale,2016-11-17,2016-11-20,CALVINKLEIN.COM,-34.07,Clothing
Sale,2016-11-17,2016-11-20,SAFEWAY STORE 00015479,-17.96,Groceries
Sale,2016-11-16,2016-11-17,GOOGLE *TeslaCoil,-4.99,Phone
Sale,2016-11-16,2016-11-17,AMAZON MKTPLACE PMTS,-1.65,Goods
Return,2016-11-16,2016-11-17,CLUB MONACO CORP,64.31,Return
Sale,2016-11-16,2016-11-18,SAFEWAY STORE 00026062,-8.99,Groceries
Sale,2016-11-15,2016-11-16,SQ *LINDA'S CATERING,-5.44,Foods
Sale,2016-11-14,2016-11-15,YELPINC*EAT24 SENIORES,-29.92,Foods
Sale,2016-11-14,2016-11-15,Amazon Digital Svcs,-9.99,Goods
Sale,2016-11-12,2016-11-14,IKEA EAST PALO ALTO,-329.92,Furniture
Sale,2016-11-12,2016-11-14,IN-N-OUT BURGER #190,-18.69,Foods
Sale,2016-11-12,2016-11-14,WWW.ALIEXPRESS.COM,-15.59,Goods
Sale,2016-11-11,2016-11-14,KUKJE SUPER MARKET,-160.05,Groceries
Sale,2016-11-11,2016-11-14,KUKJE SUPER MARKET,-29.43,Groceries
Sale,2016-11-11,2016-11-13,APL* ITUNES.COM/BILL,-9.99,Phone
Sale,2016-11-10,2016-11-11,YELPINC*EAT24 SESAME K,-33.45,Foods
Sale,2016-11-10,2016-11-11,KFC/AW #230,-10.9,Foods
Sale,2016-11-10,2016-11-13,NORDSTROM DIRECT #0808,-203.5,Clothing
Sale,2016-11-09,2016-11-10,CLUB MONACO CORP,-64.31,Clothing
Sale,2016-11-08,2016-11-08,Amazon.com,-3.75,Goods
Sale,2016-11-08,2016-11-08,Amazon.com,-15.71,Goods
Return,2016-11-08,2016-11-09,BLOOMINGDALES.COM,43.59,Return
Sale,2016-11-08,2016-11-10,SAFEWAY STORE 00026062,-11.95,Groceries
Sale,2016-11-07,2016-11-08,STATE OF CALIF DMV INT SC,-2.0,Auto
Sale,2016-11-07,2016-11-07,AMAZON MKTPLACE PMTS,-11.97,Goods
Sale,2016-11-07,2016-11-09,IN-N-OUT BURGER #190,-7.79,Foods
Return,2016-11-07,2016-11-08,AMAZON MKTPLACE PMTS,21.95,Goods
Sale,2016-11-07,2016-11-08,SQ *TORRAKU RAMEN,-13.05,Foods
Sale,2016-11-07,2016-11-08,Amazon.com,-32.53,Goods
Sale,2016-11-06,2016-11-07,A&amp;A GAS,-19.88,Auto
Sale,2016-11-06,2016-11-08,SAFEWAY STORE 00015479,-13.83,Groceries
Sale,2016-11-05,2016-11-07,HANKOOK SUPERMARKET,-204.8,Groceries
Sale,2016-11-05,2016-11-07,IKEA EAST PALO ALTO,-104.83,Furniture
Sale,2016-11-05,2016-11-07,THE HOME DEPOT #6603,-40.71,Furniture
Return,2016-11-05,2016-11-06,Amazon.com,133.85,Return
Sale,2016-11-05,2016-11-06,IKEA EAST PALO ALTO,-2.0,Furniture
Sale,2016-11-05,2016-11-07,THE HOME DEPOT #6603,-7.6,Furniture
Sale,2016-11-05,2016-11-07,PAYPAL *UDEMY,-13.0,Study
Sale,2016-11-04,2016-11-06,Amazon.com,-79.34,Auto
Sale,2016-11-04,2016-11-06,BURLINGAME LIQUOR,-12.31,Groceries
Return,2016-11-03,2016-11-04,AMAZON MKTPLACE PMTS,336.91,Return
Sale,2016-11-03,2016-11-03,COSTCO.COM  *ONLINE,-27.23,Groceries
Sale,2016-11-03,2016-11-04,COSTCO.COM  *ONLINE,-19.4,Groceries
Sale,2016-11-03,2016-11-06,YELPINC*EAT24 BONCHON,-34.91,Foods
Payment,2016-11-03,2016-11-03,Payment Thank You - Web,735.89,Payment
Sale,2016-11-02,2016-11-03,Amazon.com,-12.98,Goods
Sale,2016-11-02,2016-11-03,AMAZON MKTPLACE PMTS,-56.78,Goods
Sale,2016-11-02,2016-11-03,BLOOMINGDALES.COM,-87.16,Clothing
Return,2016-11-02,2016-11-03,AmazonPrime Membership,99.28,Return
Sale,2016-11-02,2016-11-03,YELPINC*EAT24 SENIORES,-34.72,Foods
Sale,2016-11-02,2016-11-03,AMAZON MKTPLACE PMTS,-40.84,Goods
Sale,2016-11-02,2016-11-03,Amazon.com,-98.09,Goods
Sale,2016-11-02,2016-11-03,Amazon.com,-61.53,Goods
Sale,2016-11-01,2016-11-02,YOURMECHANIC.COM,-96.0,Auto
Sale,2016-11-01,2016-11-02,Amazon.com,-95.28,Goods
Sale,2016-11-01,2016-11-03,SAFEWAY STORE 00015479,-9.26,Groceries
Sale,2016-10-31,2016-11-02,WALGREENS #6655,-22.8,Groceries
Payment,2016-10-31,2016-10-31,Payment Thank You - Web,3400.0,Payment
Sale,2016-10-31,2016-11-01,PAYPAL *UDEMY,-20.0,Study
Sale,2016-10-31,2016-10-31,AMAZON MKTPLACE PMTS,-29.95,Goods
Sale,2016-10-30,2016-10-31,Amazon.com,-179.84,Goods
Sale,2016-10-30,2016-10-30,Amazon.com,-25.0,Goods
Sale,2016-10-30,2016-10-31,AMAZON MKTPLACE PMTS,-336.91,Goods
Sale,2016-10-30,2016-11-01,BLUE LINE PIZZA - BURL,-31.88,Foods
Sale,2016-10-30,2016-10-31,99 RANCH #1782,-123.37,Groceries
Sale,2016-10-30,2016-10-31,AMAZON MKTPLACE PMTS,-23.99,Goods
Sale,2016-10-30,2016-10-30,Amazon.com,-14.64,Goods
Sale,2016-10-29,2016-10-31,IKEA EAST PALO ALTO,-1.08,Furniture
Sale,2016-10-29,2016-11-02,THE HOME DEPOT #6603,-8.5,Furniture
Sale,2016-10-29,2016-10-31,STARBUCKS STORE 06871,-8.2,Coffee
Sale,2016-10-29,2016-10-30,Amazon.com,-190.62,Goods
Sale,2016-10-29,2016-10-31,SAFEWAY STORE 00015479,-13.98,Groceries
Sale,2016-10-28,2016-10-31,KUKJE SUPER MARKET,-24.4,Groceries
Sale,2016-10-28,2016-10-31,KUKJE SUPER MARKET,-30.42,Groceries
Sale,2016-10-28,2016-10-31,KUKJE SUPER MARKET,-164.85,Groceries
Sale,2016-10-27,2016-10-28,SQ *LINDA'S CATERING,-5.44,Foods
Sale,2016-10-27,2016-10-30,IN-N-OUT BURGER #159,-7.79,Foods
Sale,2016-10-27,2016-10-28,WESTLAKE SMOG CHECK,-45.0,Auto
Sale,2016-10-27,2016-10-30,YELPINC*EAT24 GOLDEN M,-35.85,Foods
Sale,2016-10-27,2016-10-28,7-ELEVEN 19235,-28.53,Foods
Sale,2016-10-26,2016-10-28,IN-N-OUT BURGER #159,-7.79,Foods
Sale,2016-10-26,2016-10-28,SAFEWAY STORE 00026062,-13.52,Groceries
Sale,2016-10-26,2016-10-28,YAKINI Q,-50.0,Foods
Sale,2016-10-26,2016-10-27,GEICO  *AUTO,-50.05,Auto
Sale,2016-10-26,2016-10-27,BEST BUY      00001875,-24.45,Goods
Sale,2016-10-26,2016-10-26,UBER TECHNOLOGIES INC,-15.81,Auto
Sale,2016-10-26,2016-10-27,STATE OF CALIF DMV INT SC,-35.0,Auto
Sale,2016-10-25,2016-10-27,STARBUCKS STORE 06677,-9.45,Coffee
Sale,2016-10-25,2016-10-26,CHIPOTLE 2080,-19.03,Foods
Sale,2016-10-24,2016-10-26,SAFEWAY STORE 00026062,-5.99,Groceries
Sale,2016-10-24,2016-10-26,SAFEWAY STORE 00026062,-30.1,Groceries
Sale,2016-10-24,2016-10-25,PAYPAL *CARFAX INC,-69.99,Auto
Sale,2016-10-23,2016-10-25,YELPINC*EAT24 PAPA RAY,-34.05,Foods
Sale,2016-10-23,2016-10-24,NOAH'S BAGELS #2147,-21.88,Foods
Sale,2016-10-23,2016-10-25,JAMBA JUICE 0354 QSR,-12.78,Foods
Sale,2016-10-23,2016-10-24,IMPERIAL GARDEN SEAFOOD,-31.17,Foods
Sale,2016-10-23,2016-10-24,TMOBILE*AUTO PAY,-80.56,Phone
Sale,2016-10-22,2016-10-24,PEET'S #31502,-2.8,Coffee
Sale,2016-10-22,2016-10-23,SQ *COOL TEA BAR ON WAVER,-8.72,Coffee
Sale,2016-10-22,2016-10-23,UBER   *US OCT21 6RGYY,-17.81,Auto
Sale,2016-10-22,2016-10-24,7-ELEVEN 33434,-8.0,Foods
Sale,2016-10-22,2016-10-24,TARGET        00027664,-18.78,Groceries
Sale,2016-10-21,2016-10-23,KAISER 02090314,-10.0,Medical
Sale,2016-10-21,2016-10-23,NIJIYA MARKET #62,-19.16,Groceries
Sale,2016-10-21,2016-10-23,SAFEWAY STORE 00026062,-7.74,Groceries
Sale,2016-10-20,2016-10-23,SAFEWAY STORE 00026062,-5.0,Groceries
Sale,2016-10-20,2016-10-21,PAPA RAYS PIZZA,-28.33,Foods
Sale,2016-10-20,2016-10-23,SUBWAY        00343418,-9.44,Foods
Sale,2016-10-20,2016-10-23,7-ELEVEN 33434,-8.69,Foods
Sale,2016-10-20,2016-10-23,STARBUCKS STORE 06677,-2.45,Coffee
Sale,2016-10-20,2016-10-23,SAFEWAY STORE 00026062,-4.44,Groceries
Sale,2016-10-20,2016-10-21,SQ *LINDA'S CATERING,-5.44,Foods
Sale,2016-10-19,2016-10-21,SAFEWAY STORE 00026062,-5.0,Groceries
Sale,2016-10-19,2016-10-21,ZAZANG RESTAURANT,-27.83,Foods
Sale,2016-10-19,2016-10-20,SQ *LINDA'S CATERING,-5.44,Foods
Sale,2016-10-18,2016-10-20,SAFEWAY STORE 00026062,-5.99,Groceries
Sale,2016-10-18,2016-10-20,AMICIS SF1 EAST COAST PIZ,-19.1,Foods
Sale,2016-10-18,2016-10-20,SAFEWAY STORE 00026062,-6.58,Groceries
Sale,2016-10-18,2016-10-20,STARBUCKS STORE 06677,-2.5,Coffee
Sale,2016-10-17,2016-10-18,7-ELEVEN 35663,-2.29,Foods
Sale,2016-10-17,2016-10-18,PANERA BREAD #2225,-5.64,Foods
Sale,2016-10-17,2016-10-19,SAFEWAY STORE 00026062,-11.95,Groceries
Sale,2016-10-17,2016-10-19,STARBUCKS STORE 06677,-2.45,Coffee
Sale,2016-10-17,2016-10-19,SAFEWAY STORE 00026062,-6.98,Groceries
Sale,2016-10-17,2016-10-18,KAISER 02090314,-10.0,Medical
Sale,2016-10-17,2016-10-19,SAFEWAY STORE 00026062,-43.3,Groceries
Sale,2016-10-16,2016-10-17,YELPINC*EAT24 ROMA PIZ,-39.77,Foods
Sale,2016-10-15,2016-10-17,MISS SAIGON,-26.27,Foods
Sale,2016-10-15,2016-10-17,TARGET        00027664,-7.1,Groceries
Sale,2016-10-15,2016-10-16,CVS/PHARMACY #02852,-15.53,Groceries
Sale,2016-10-14,2016-10-16,SAN BRUNO SUPERMARKET,-16.16,Groceries
Sale,2016-10-14,2016-10-16,WALGREENS #1626,-1.89,Groceries
Sale,2016-10-13,2016-10-16,SAFEWAY STORE 00026062,-14.12,Groceries
Sale,2016-10-13,2016-10-13,UBER   *US OCT12 SFGL5,-17.42,Auto
Sale,2016-10-12,2016-10-13,TARGET        00027664,-77.1,Groceries
Sale,2016-10-12,2016-10-13,CHIPOTLE 1460,-24.03,Foods
Sale,2016-10-12,2016-10-14,STARBUCKS STORE 06677,-2.95,Coffee
Sale,2016-10-11,2016-10-12,UBER TECHNOLOGIES INC,-28.03,Auto
Sale,2016-10-11,2016-10-14,HERBST THEATER C&amp;M,-7.07,Coffee
Sale,2016-10-11,2016-10-12,SQ *BLUE BOTTLE COFFEE,-14.95,Coffee
Sale,2016-10-11,2016-10-13,JIN MI BBQ&amp;TOFU,-26.0,Foods
Sale,2016-10-11,2016-10-12,UBER TECHNOLOGIES INC,-16.65,Auto
Sale,2016-10-10,2016-10-12,TARGET        00027664,-22.41,Groceries
Sale,2016-10-10,2016-10-11,CHIPOTLE 1460,-11.96,Foods
Sale,2016-10-10,2016-10-14,LAST CALL 227,-130.17,Clothing
Sale,2016-10-10,2016-10-12,BRICK HOUSE CAFE,-17.94,Coffee
Sale,2016-10-10,2016-10-12,STARBUCKS STORE 06677,-2.95,Coffee
Sale,2016-10-10,2016-10-11,CHIPOTLE 1460,-9.52,Foods
Sale,2016-10-09,2016-10-11,GUM KUO RESTAURANT,-10.5,Foods
Sale,2016-10-09,2016-10-11,STARBUCKS STORE 10347,-2.45,Coffee
Sale,2016-10-09,2016-10-11,SHAN DONG RESTAURANT,-24.96,Foods
Sale,2016-10-09,2016-10-11,ASIAN BOX,-12.51,Foods
Sale,2016-10-08,2016-10-10,SAFEWAY  STORE00003053,-2.82,Groceries
Sale,2016-10-08,2016-10-09,OLYMPUS CAFE,-5.09,Coffee
Sale,2016-10-08,2016-10-09,OLYMPUS CAFE,-5.93,Coffee
Sale,2016-10-08,2016-10-09,SQ *TEATIME,-3.77,Coffee
Sale,2016-10-08,2016-10-09,CHINA VILLAGE,-32.0,Foods
Sale,2016-10-08,2016-10-10,STARBUCKS STORE 00555,-2.75,Coffee
Sale,2016-10-07,2016-10-09,SAFEWAY STORE 00026062,-5.0,Groceries
Sale,2016-10-07,2016-10-09,STARBUCKS STORE 06677,-2.95,Coffee
Sale,2016-10-07,2016-10-09,PAPA RAYS PIZZA,-39.22,Foods
Payment,2016-10-07,2016-10-07,Payment Thank You - Web,100.0,Payment
Sale,2016-10-06,2016-10-06,UBER   *US OCT05 GFB5B,-14.99,Auto
Sale,2016-10-06,2016-10-07,SQ *LINDA'S CATERING,-5.44,Foods
Sale,2016-10-06,2016-10-09,COCO BANG,-18.53,Foods
Sale,2016-10-06,2016-10-09,COCO BANG,-8.65,Foods
Payment,2016-10-06,2016-10-06,Payment Thank You - Web,1480.6,Payment
Sale,2016-10-05,2016-10-07,STARBUCKS STORE 06677,-2.95,Coffee
Sale,2016-10-05,2016-10-07,JIN MI BBQ&amp;TOFU,-30.17,Foods
Sale,2016-10-05,2016-10-05,Amazon.com,-137.06,Goods
Sale,2016-10-05,2016-10-06,SQ *HRDTM,-15.22,Foods
Sale,2016-10-04,2016-10-06,STARBUCKS STORE 06677,-4.95,Coffee
Sale,2016-10-04,2016-10-06,AMICIS SF1 EAST COAST PIZ,-25.37,Foods
Sale,2016-10-03,2016-10-04,FEDEXOFFICE   00022368,-0.91,Goods
Sale,2016-10-03,2016-10-05,MACY'S EAST #428,-5.71,Clothing
Sale,2016-10-03,2016-10-05,WASHINGTON CAFE INC,-44.35,Coffee
Sale,2016-10-03,2016-10-04,AMAZON MKTPLACE PMTS,-199.0,Goods
Sale,2016-10-02,2016-10-04,WALGREENS #15567,-5.43,Groceries
Sale,2016-10-02,2016-10-04,MACY'S EAST #428,-5.06,Clothing
Sale,2016-10-02,2016-10-03,SORABOL SF CENTER,-23.27,Foods
Sale,2016-10-01,2016-10-04,WASHINGTON CAFE INC,-30.34,Coffee
Sale,2016-10-01,2016-10-03,ICHIBAN KAN - SAN FRAN,-11.78,Foods
Sale,2016-10-01,2016-10-03,TARGET        00027664,-17.05,Groceries
Sale,2016-10-01,2016-10-03,NIJIYA MARKET #62,-42.71,Groceries
Sale,2016-09-30,2016-10-02,TARGET        00027664,-21.24,Groceries
Sale,2016-09-30,2016-10-02,DAISO BA09 MARKET,-13.17,Groceries
Sale,2016-09-30,2016-10-02,MARSHALLS #0274,-6.51,Clothing
Sale,2016-09-30,2016-10-02,TARGET        00027664,-18.93,Groceries
Sale,2016-09-30,2016-10-02,SUPERSHUTTLE EXECUCARSFO,-23.3,Auto
Return,2016-09-28,2016-09-30,ANTHROPOLOGIE.COM,76.07,Return
Sale,2016-09-28,2016-09-30,SAFEWAY STORE 00026062,-0.66,Groceries
Sale,2016-09-27,2016-09-29,SAFEWAY STORE 00026062,-3.88,Groceries
Sale,2016-09-27,2016-09-28,SQ *LINDA'S CATERING,-8.7,Foods
Sale,2016-09-27,2016-09-29,SAFEWAY STORE 00026062,-4.5,Groceries
Payment,2016-09-26,2016-09-26,Payment Thank You - Web,5.0,Payment
Return,2016-09-25,2016-09-26,TARGET        00027664,4.68,Return
Sale,2016-09-25,2016-09-26,TARGET        00027664,-8.43,Groceries
Sale,2016-09-25,2016-09-26,TARGET        00027664,-1.17,Groceries
Sale,2016-09-25,2016-09-27,SAN BRUNO SUPERMARKET,-11.5,Groceries
Sale,2016-09-24,2016-09-26,STARBUCKS STORE 02994,-7.1,Coffee
Sale,2016-09-23,2016-09-25,SAFEWAY STORE 00026062,-1.09,Groceries
Sale,2016-09-23,2016-09-25,SAFEWAY STORE 00026062,-3.25,Groceries
Sale,2016-09-22,2016-09-23,JET.COM,-6.35,Goods
Sale,2016-09-22,2016-09-23,SQ *LINDA'S CATERING,-19.58,Foods
Sale,2016-09-22,2016-09-23,JET.COM,-27.01,Goods
Sale,2016-09-21,2016-09-23,SAFEWAY STORE 00026062,-5.0,Groceries
Sale,2016-09-20,2016-09-20,TARGET.COM  *,-5.0,Groceries
Sale,2016-09-20,2016-09-22,SAFEWAY STORE 00026062,-5.74,Groceries
Sale,2016-09-20,2016-09-20,TARGET.COM  *,-7.59,Groceries
Return,2016-09-19,2016-09-21,ANTHROPOLOGIE.COM,108.7,Return
Sale,2016-09-19,2016-09-21,MARSHALLS #0274,-20.74,Clothing
Sale,2016-09-19,2016-09-20,TARGET        00027664,-9.41,Groceries
Sale,2016-09-17,2016-09-19,STARBUCKS STORE 02994,-6.9,Coffee
Sale,2016-09-16,2016-09-18,NIJIYA MARKET #62,-12.47,Groceries
Sale,2016-09-16,2016-09-18,SAN BRUNO SUPERMARKET,-12.65,Groceries
Sale,2016-09-16,2016-09-19,KIM HUONG VIETNAMESSE CUI,-23.54,Foods
Sale,2016-09-15,2016-09-18,SAFEWAY STORE 00026062,-8.49,Groceries
Sale,2016-09-14,2016-09-16,SAN BRUNO SUPERMARKET,-11.2,Groceries
Sale,2016-09-13,2016-09-14,SQ *LINDA'S CATERING,-8.7,Foods
Sale,2016-09-12,2016-09-13,ANTHROPOLOGIE.COM,-76.07,Clothing
Sale,2016-09-10,2016-09-12,SMARTNFINAL44611004462,-4.04,Foods
Sale,2016-09-09,2016-09-11,SAFEWAY STORE 00026062,-4.78,Groceries
Sale,2016-09-09,2016-09-11,TARGET        00027664,-4.65,Groceries
Sale,2016-09-09,2016-09-11,COSTCO.COM  *ONLINE,-21.74,Groceries
Sale,2016-09-08,2016-09-11,WHOLEFDS SOM 10151,-12.5,Groceries
Sale,2016-09-08,2016-09-11,ANTHROPOLOGIE.COM,-108.7,Clothing
Sale,2016-09-07,2016-09-08,BRICK HOUSE CAFE,-16.86,Coffee
Sale,2016-09-06,2016-09-07,SQ *LINDA'S CATERING,-9.79,Foods
Sale,2016-09-05,2016-09-06,TENPAY*86DAIGOU,-29.53,Foods
Sale,2016-09-04,2016-09-06,STARBUCKS STORE 05404,-4.95,Coffee
Sale,2016-09-04,2016-09-06,SAN BRUNO SUPERMARKET,-10.53,Groceries
Sale,2017-01-31,2017-02-02,WALGREENS #6655,-22.8,Groceries
Sale,2017-01-31,2017-02-01,PAYPAL *AFFORDAMACL,-2.99,Goods
Return,2017-01-30,2017-01-30,Gilroy,4.48,Return
Sale,2017-01-30,2017-01-31,NAUTICA #73,-11.66,Clothing
Return,2017-01-30,2017-01-30,Gilroy,4.48,Return
Sale,2017-01-30,2017-01-31,COSTCO GAS #0422,-25.0,Auto
Return,2017-01-30,2017-01-30,Gilroy,28.72,Goods
Sale,2017-01-29,2017-01-31,IN-N-OUT BURGER #100,-17.85,Foods
Sale,2017-01-29,2017-01-31,SKECHERS-USA #7,-73.22,Clothing
Sale,2017-01-29,2017-01-30,Gilroy,-24.25,Clothing
Sale,2017-01-29,2017-01-31,PAYPAL *MANNING PUB,-34.29,Study
Return,2017-01-29,2017-01-31,NAUTICA #73,4.71,Return
Sale,2017-01-29,2017-01-31,CALVIN KLEIN #005,-17.36,Clothing
Sale,2017-01-29,2017-01-30,Gilroy,-52.96,Clothing
Sale,2017-01-29,2017-01-31,STARBUCKS STORE 05501,-5.45,Coffee
Sale,2017-01-29,2017-01-30,GOOGLE *Costco,-67.9,Groceries
Sale,2017-01-29,2017-01-31,ADIDAS 6114,-8.11,Foods
Sale,2017-01-28,2017-01-30,SICHUAN FUSION,-30.6,Foods
Return,2017-01-28,2017-01-29,BEST BUY      00018960,114.13,Return
Sale,2017-01-28,2017-01-29,99 RANCH #1781,-15.9,Groceries
Payment,2017-01-28,2017-01-29,Payment Thank You - Web,1737.84,Payment
Sale,2017-01-27,2017-01-29,AUTOZONE #3307,-7.6,Auto
Sale,2017-01-27,2017-01-29,PAYPAL *UDEMY,-10.0,Study
Sale,2017-01-26,2017-01-27,GEICO  *AUTO,-49.17,Auto
Sale,2017-01-26,2017-01-29,99 RANCH #1769,-58.04,Groceries
Sale,2017-01-26,2017-01-27,A&amp;A GAS,-26.85,Auto
Sale,2017-01-26,2017-01-27,7-ELEVEN 14316,-10.98,Foods
Sale,2017-01-26,2017-01-27,AMICIS SF1 EAST COAST PIZ,-14.46,Foods
Sale,2017-01-25,2017-01-26,KFC/AW #230,-10.88,Foods
Sale,2017-01-25,2017-01-27,CITY OF SAN FRANCISCO POR,-8.0,Auto
Sale,2017-01-24,2017-01-24,COMCAST CALIFORNIA,-79.99,Internet
Sale,2017-01-24,2017-01-26,HONG KONG BANJUM SAN J,-18.0,Foods
Sale,2017-01-23,2017-01-24,TMOBILE*AUTO PAY,-74.38,Phone
Sale,2017-01-23,2017-01-24,GOOGLE *Shipping &amp; ser,-4.99,Foods
Sale,2017-01-23,2017-01-24,PAYPAL *MANNING PUB,-36.84,Study
Sale,2017-01-23,2017-01-24,WWW.NEWEGG.COM,-18.22,Goods
Return,2017-01-22,2017-01-23,COSTCO WHSE #0422,55.0,Groceries
Sale,2017-01-22,2017-01-23,H2O WIRELESS,-36.0,Phone
Sale,2017-01-21,2017-01-22,SQ *CHA EXPRESS,-4.37,Foods
Sale,2017-01-20,2017-01-20,APL* ITUNES.COM/BILL,-0.99,Phone
Sale,2017-01-20,2017-01-23,KUKJE SUPER MARKET,-9.39,Groceries
Sale,2017-01-20,2017-01-22,COSTCO.COM  *ONLINE,-47.83,Groceries
Sale,2017-01-20,2017-01-22,AMICIS SF1 EAST COAST PIZ,-15.59,Foods
Sale,2017-01-20,2017-01-22,99 RANCH #1769,-83.42,Groceries
Sale,2017-01-19,2017-01-22,SAFEWAY STORE 00026062,-2.08,Groceries
Sale,2017-01-19,2017-01-22,AMICIS SF1 EAST COAST PIZ,-14.46,Foods
Sale,2017-01-19,2017-01-22,MCDONALD'S F13001,-6.75,Foods
Return,2017-01-19,2017-01-20,Amazon.com,16.52,Return
Sale,2017-01-18,2017-01-19,CCSF MTA IPS PRKNG METER,-0.25,Auto
Sale,2017-01-18,2017-01-19,CCSF MTA IPS PRKNG METER,-2.0,Auto
Sale,2017-01-18,2017-01-19,AMICIS SF1 EAST COAST PIZ,-14.46,Foods
Sale,2017-01-18,2017-01-20,IN-N-OUT BURGER #190,-8.1,Foods
Sale,2017-01-18,2017-01-19,A&amp;A GAS,-24.36,Auto
Sale,2017-01-18,2017-01-19,AMAZON MKTPLACE PMTS,-16.99,Goods
Sale,2017-01-18,2017-01-19,PAYPAL *UDEMY,-10.0,Study
Return,2017-01-17,2017-01-18,PAYPAL *CMDMACPART,5.34,Return
Sale,2017-01-17,2017-01-18,COSTCO.COM  *ONLINE,-30.04,Groceries
Sale,2017-01-17,2017-01-18,Amazon.com,-16.52,Goods
Sale,2017-01-17,2017-01-18,PAYPAL *CMDMACPART,-5.34,Foods
Sale,2017-01-17,2017-01-19,MCDONALD'S F13001,-6.75,Foods
Sale,2017-01-16,2017-01-17,BestBuyCom795001044830,-114.13,Goods
Sale,2017-01-16,2017-01-17,NAUTICA #127,-88.74,Clothing
Sale,2017-01-15,2017-01-16,MOTHERHOOD OUT00006585,-56.93,Clothing
Sale,2017-01-15,2017-01-17,PAYPAL *UDEMY,-30.0,Study
Sale,2017-01-15,2017-01-16,MOTHERHOOD OUT00006585,-5.41,Clothing
Sale,2017-01-15,2017-01-16,EDDIE BAUER 164,-78.1,Clothing
Sale,2017-01-15,2017-01-16,Milpitas,-49.9,Foods
Sale,2017-01-15,2017-01-16,GREAT MALL MAYFLOWER REST,-36.0,Foods
Sale,2017-01-14,2017-01-15,SQ *TEAVEN,-4.15,Foods
Sale,2017-01-14,2017-01-15,NIJIYA MARKET #62,-25.34,Groceries
Sale,2017-01-14,2017-01-15,WOORI FOOD MARKET,-3.97,Groceries
Sale,2017-01-14,2017-01-15,99 RANCH #1769,-5.28,Groceries
Sale,2017-01-14,2017-01-15,99 RANCH #1769,-45.24,Groceries
Sale,2017-01-14,2017-01-16,BIG MOUTH BURGERS-MIL,-11.17,Foods
Sale,2017-01-14,2017-01-15,Amazon Digital Svcs,-9.99,Goods
Sale,2017-01-13,2017-01-15,COSTCO.COM  *ONLINE,-11.14,Groceries
Sale,2017-01-13,2017-01-15,STARBUCKS STORE 05336,-2.45,Coffee
Sale,2017-01-12,2017-01-12,COSTCO.COM  *ONLINE,-47.77,Groceries
Sale,2017-01-12,2017-01-13,Amazon.com,-58.35,Goods
Sale,2017-01-11,2017-01-12,A&amp;A GAS,-26.68,Auto
Sale,2017-01-08,2017-01-09,AMAZON MKTPLACE PMTS,-14.08,Goods
Sale,2017-01-07,2017-01-09,KUKJE SUPER MARKET,-48.82,Groceries
Sale,2017-01-07,2017-01-08,TARGET.COM  *,-19.65,Groceries
Sale,2017-01-07,2017-01-08,WALGREENS #6655,-26.08,Groceries
Sale,2017-01-07,2017-01-08,99 RANCH #1769,-34.23,Groceries
Sale,2017-01-06,2017-01-08,CITY OF SAN FRANCISCO POR,-4.0,Coffee
Sale,2017-01-06,2017-01-06,TARGET.COM  *,-21.2,Groceries
Sale,2017-01-06,2017-01-08,TARGET        00014076,-5.43,Groceries
Sale,2017-01-06,2017-01-08,SQ *COOL TEA BAR  WAVERLY,-8.18,Foods
Sale,2017-01-06,2017-01-10,ABM PARKING 1670 OWEN ST,-4.0,Auto
Sale,2017-01-06,2017-01-08,KAISER 02090311,-10.0,Medical
Sale,2017-01-05,2017-01-08,STARBUCKS STORE 06871,-2.45,Coffee
Sale,2017-01-05,2017-01-06,AMAZON MKTPLACE PMTS,-6.36,Goods
Sale,2017-01-03,2017-01-05,KUKJE SUPER MARKET,-10.12,Groceries
Sale,2017-01-03,2017-01-04,AMAZON MKTPLACE PMTS,-39.9,Goods
Payment,2017-01-03,2017-01-03,Payment Thank You - Web,3750.0,Payment
Sale,2017-01-03,2017-01-05,KUKJE SUPER MARKET,-12.69,Groceries
Sale,2017-01-02,2017-01-03,SORABOL SF CENTER,-10.82,Foods
Sale,2017-01-02,2017-01-03,OLD NAVY US 5934,-22.74,Clothing
Sale,2017-01-02,2017-01-03,NIJIYA MARKET #62,-30.94,Groceries
Sale,2017-01-02,2017-01-04,WALGREENS #6655,-22.8,Groceries
Sale,2017-01-02,2017-01-04,STARBUCKS STORE 06677,-2.45,Coffee
Sale,2017-01-02,2017-01-02,AMAZON MKTPLACE PMTS,-16.99,Goods
Sale,2017-01-02,2017-01-03,PAYPAL *UDEMY,-90.0,Study
Sale,2017-01-01,2017-01-02,ALIEXPRESS,-24.99,Goods
Sale,2016-12-31,2017-01-02,PAYPAL *PURITANSPRI,-13.99,Goods
Sale,2016-12-31,2017-01-02,PAYPAL *WALMART COM,-8.98,Goods
Sale,2016-12-31,2017-01-01,PAYPAL *DIGIZONE,-2.17,Goods
Sale,2016-12-31,2017-01-01,SQ *COOL TEA BAR  WAVERLY,-8.72,Foods
